solution,answer,grade
"The human respiratory system consists of the lungs, airways, diaphragm, and other organs involved in breathing and gas exchange.","Breathing is controlled by the respiratory center in the brainstem, which regulates the rate and depth of breathing based on oxygen and carbon dioxide levels in the blood.",30
"The discovery of penicillin by Alexander Fleming revolutionized medicine by introducing the first antibiotic.","Penicillin's discovery by Alexander Fleming changed medicine.",49
"Photosynthesis is a vital process for sustaining life on Earth, as it produces oxygen and organic compounds that serve as food and energy sources for organisms.","Photosynthesis supports the biosphere by supplying oxygen and nutrients to plants and other organisms.",90
"The theory of natural selection, proposed by Charles Darwin, explains how species evolve over time through the process of adaptation to their environment.","Charles Darwin's theory of natural selection explains how species evolve over time as they adapt to their environments.",97
"The water cycle, also known as the hydrological cycle, describes the continuous movement of water on, above, and below the surface of the Earth.","The water cycle involves processes like evaporation, condensation, precipitation, and runoff, regulating the distribution of water across the planet.",90
"Electromagnetic radiation consists of waves of electric and magnetic fields, traveling through space at the speed of light.","Electromagnetic waves, including visible light, radio waves, and X-rays, propagate through space as electric and magnetic fields oscillate.",90
"Photosynthesis is the process by which green plants and some other organisms use sunlight to synthesize nutrients from carbon dioxide and water.","Plants and some organisms use sunlight to create nutrients through photosynthesis.",80
"The causes of World War I included militarism, alliances, imperialism, and nationalism.","World War I was caused by many factors such as military build-up, alliances between countries, imperialism, and nationalism.",45
"The theory of relativity, proposed by Albert Einstein, revolutionized our understanding of space, time, and gravity.","Albert Einstein's theory of relativity reshaped our perception of the universe, challenging Newtonian physics.",85
"The discovery of penicillin by Alexander Fleming revolutionized medicine by introducing the first antibiotic.","Someone found moldy bread that killed germs and made people better.",5
"The rise of fascism in Europe in the early 20th century contributed to the outbreak of World War II.","The rise of fascism in Europe helped cause World War II.",37
"The process of photosynthesis converts carbon dioxide and water into glucose and oxygen using sunlight as an energy source.","Photosynthesis is a complex biochemical process that occurs in chloroplasts, involving light-dependent and light-independent reactions.",40
"An atom is the smallest unit of matter that retains the properties of an element.","Atoms are the fundamental units of matter.",90
"The theory of natural selection, proposed by Charles Darwin, explains how species evolve over time through the process of adaptation to their environment.","Animals change to survive. Darwin figured that out.",7
"The United Nations was established in 1945 with the aim of promoting international cooperation and preventing future conflicts.","Countries got together to stop fighting and talk instead.",4
"The concept of supply and demand is a fundamental principle in economics that explains the relationship between the availability of goods and the desire for those goods.","Supply and demand is an economic principle explaining how goods are priced.",43
"Mitosis is a type of cell division that results in two daughter cells with the same number of chromosomes as the parent cell.","During mitosis, the cell undergoes prophase, metaphase, anaphase, and telophase, ensuring genetic continuity and cellular reproduction.",90
"The French Revolution was a period of radical social and political upheaval in France from 1789 to 1799.","The French Revolution was a period of significant social and political change in France from 1789 to 1799.",91
"The Industrial Revolution was a period of major industrialization that took place during the late 18th and early 19th centuries.","The Industrial Revolution led to significant industrial development in the late 18th and early 19th centuries.",90
"Global warming is the long-term increase in Earth's average surface temperature, primarily due to human activities such as burning fossil fuels and deforestation.","Human activities, such as burning fossil fuels and deforestation, contribute to the ongoing rise in Earth's average surface temperature, known as global warming.",90
"The Great Depression was a global economic downturn that lasted throughout the 1930s.","The 1930s was a really bad time for money.",5
"Newton's second law of motion states that the force acting on an object is equal to the mass of the object multiplied by its acceleration.","Force equals mass times acceleration according to Newton's second law of motion.",95
"The theory of relativity, formulated by Albert Einstein in the early 20th century, revolutionized our understanding of space, time, and gravity. It consists of two major components: special relativity and general relativity. Special relativity deals with the relationship between space and time in the absence of gravity and describes how measurements of space and time are relative to the observer's frame of reference. It introduced the concept of spacetime, wherein space and time are unified into a four-dimensional continuum. General relativity, on the other hand, extends special relativity to include the effects of gravity and describes how massive objects warp the fabric of spacetime, causing curvature and influencing the motion of other objects. This theory has profound implications for our understanding of the universe, including the prediction of phenomena such as black holes, gravitational waves, and the bending of light by massive objects.","Albert Einstein's theory of relativity, proposed in the early 20th century, transformed our understanding of space, time, and gravity. It consists of two main components: special relativity and general relativity. Special relativity revolutionized our conception of space and time by showing that they are not absolute but rather interconnected aspects of a four-dimensional continuum known as spacetime. It introduced the concept of relativistic effects, such as time dilation and length contraction, which occur at high speeds or in strong gravitational fields. General relativity, on the other hand, provides a geometric theory of gravity, where massive objects warp the fabric of spacetime, causing curvature and influencing the motion of other objects. This theory has been confirmed through numerous experimental tests and observations, cementing its status as one of the most successful theories in modern physics.",90
"The water cycle involves processes such as evaporation, condensation, precipitation, and runoff, regulating the distribution of water across the Earth's surface.","Water is constantly cycling between the atmosphere, oceans, land, and living organisms, maintaining the planet's hydrological balance.",80
"The Declaration of Independence was adopted by the Continental Congress on July 4, 1776.","The Continental Congress approved the Declaration of Independence on July 4, 1776.",90
"The Great Depression was a global economic downturn that lasted throughout the 1930s.","The Great Depression was a severe worldwide economic depression that took place mostly during the 1930s.",80
"The Great Wall of China is a series of fortifications made of stone, brick, tamped earth, wood, and other materials.","The Great Wall of China is built using various materials.",85
"The causes of World War I included militarism, alliances, imperialism, and nationalism.","World War I happened because countries had big armies, made alliances, and wanted to control others.",8
"The concept of human rights emphasizes the fundamental freedoms and entitlements that all individuals should possess regardless of their nationality, ethnicity, or other status.","Everyone should be treated fairly, no matter what.",10
"The American Civil War, fought from 1861 to 1865, was a conflict between the Northern states (Union) and the Southern states (Confederacy) over issues of slavery and states' rights.","The Civil War, spanning from 1861 to 1865, was a clash between the North and the South over slavery and state sovereignty.",85
"The United Nations was established in 1945 with the aim of promoting international cooperation and preventing future conflicts.","The United Nations was formed in 1945 to stop future wars.",40
"The scientific method is a systematic approach to inquiry that involves observation, hypothesis formation, experimentation, and conclusion.","Scientists do stuff and write it down so other people can check.",9
"The concept of democracy originated in ancient Greece and has since become a widely adopted form of government worldwide.","Greeks liked voting. Now lots of countries vote.",5
"Friction is a force that opposes the relative motion or tendency of motion between two surfaces in contact.","Friction arises from microscopic irregularities in surface roughness, causing resistance to sliding or rolling motion.",20
"The capital of France is Paris.","Paris is the capital of France.",90
"The process of mitosis results in the formation of two genetically identical daughter cells from a single parent cell.","Mitosis ensures the accurate distribution of chromosomes during cell division, maintaining chromosome number and genetic integrity.",60
"The process of evolution by natural selection, proposed by Charles Darwin, explains how species change over time through the differential survival and reproduction of individuals with advantageous traits.","Natural selection, a cornerstone of evolutionary theory, drives the adaptation of organisms to their environments, leading to the diversity of life forms we observe today.",90
"The concept of democracy originated in ancient Greece and has since become a widely adopted form of government worldwide.","Ancient Greeks started a thing where people vote. Now lots of places do it.",9
"Cellular respiration is the process by which cells convert glucose and oxygen into energy, carbon dioxide, and water.","Cells generate energy through cellular respiration, breaking down glucose molecules to produce ATP and releasing carbon dioxide and water as byproducts.",85
"The principle of conservation of momentum states that the total momentum of a closed system remains constant unless acted upon by an external force.","Momentum, a vector quantity, is the product of an object's mass and velocity and is conserved in collisions and interactions.",50
"The process of cellular respiration involves the breakdown of glucose molecules to produce ATP and release carbon dioxide and water as byproducts.","Cellular respiration occurs in three main stages: glycolysis, the citric acid cycle, and oxidative phosphorylation.",70
"The French Revolution was a period of radical social and political upheaval in France from 1789 to 1799.","The French Revolution was a time of change in France from 1789 to 1799.",41
"Photosynthesis is the process by which green plants and some other organisms use sunlight to synthesize nutrients from carbon dioxide and water.","Plants produce food through photosynthesis using sunlight, water, and carbon dioxide.",90
"Global warming is a significant environmental issue characterized by the gradual increase in Earth's average surface temperature. It is primarily driven by human activities such as burning fossil fuels, deforestation, and industrial processes, which release greenhouse gases into the atmosphere. These gases, including carbon dioxide, methane, and nitrous oxide, trap heat from the Sun, leading to a rise in temperatures and changes in climate patterns. Global warming has far-reaching impacts on ecosystems, weather patterns, and sea levels, posing risks to human health, biodiversity, and economic stability. Mitigating global warming requires collective action to reduce greenhouse gas emissions, transition to renewable energy sources, and adapt to the changing climate. By addressing the root causes of global warming, societies can mitigate its impacts and work towards a sustainable future.","Global warming is a pressing environmental issue that results from the accumulation of greenhouse gases in the Earth's atmosphere, primarily due to human activities. The burning of fossil fuels, deforestation, and industrial processes release carbon dioxide, methane, and other greenhouse gases, which trap heat from the Sun and cause the planet's average temperature to rise. This phenomenon, known as global warming, has far-reaching consequences for the environment, including melting ice caps, rising sea levels, and changes in weather patterns. It also poses significant risks to human health, food security, and ecosystems. Addressing global warming requires collective action at the local, national, and international levels to reduce greenhouse gas emissions, transition to renewable energy sources, and implement strategies for climate adaptation and resilience. By taking proactive measures to combat global warming, we can protect the planet and ensure a sustainable future for generations to come.",85
"Democracy is a system of government in which power is vested in the people, who rule either directly or through elected representatives.","In a democratic system, citizens have the authority to participate in decision-making processes and elect officials to represent their interests.",90
"The principle of conservation of energy states that energy cannot be created or destroyed, only transformed from one form to another.","Energy conservation is important for maintaining environmental balance and reducing reliance on finite resources.",60
"The theory of evolution by natural selection was proposed by Charles Darwin in his book 'On the Origin of Species'.","Charles Darwin introduced the theory of evolution in his book 'On the Origin of Species'.",90
"The theory of evolution proposed by Charles Darwin revolutionized our understanding of biology.","Darwin said animals change. People argued about it.",3
"The human cardiovascular system, comprising the heart, blood vessels, and blood, circulates oxygen, nutrients, hormones, and waste products throughout the body.","Blood, pumped by the heart, flows through arteries, capillaries, and veins, delivering oxygen and nutrients to tissues and removing metabolic waste.",90
"The process of mitosis is a fundamental cellular process that ensures the accurate distribution of genetic material during cell division. It occurs in somatic cells and results in the formation of two genetically identical daughter cells from a single parent cell. Mitosis is divided into several stages, including prophase, metaphase, anaphase, and telophase. During prophase, chromatin condenses into chromosomes, and the nuclear envelope breaks down. In metaphase, chromosomes align along the cell's equator, forming the metaphase plate. Anaphase is characterized by the separation of sister chromatids, which are pulled towards opposite poles of the cell by spindle fibers. Finally, in telophase, the nuclear envelope reforms around the separated chromosomes, and cytokinesis divides the cytoplasm, resulting in two distinct daughter cells. Mitosis plays a crucial role in growth, development, and tissue repair in multicellular organisms.","Mitosis is a vital cellular process that ensures the faithful distribution of genetic material to daughter cells during cell division. It occurs in somatic cells and consists of several distinct stages, including prophase, metaphase, anaphase, and telophase. During prophase, chromatin condenses into visible chromosomes, and the nuclear envelope disintegrates. In metaphase, chromosomes line up along the cell's equator, forming the metaphase plate. Anaphase is marked by the separation of sister chromatids",85
"The theory of relativity, formulated by Albert Einstein, describes gravity as the curvature of spacetime caused by mass and energy.","Einstein's theory of relativity revolutionized our understanding of gravity, time, and space, providing a unified framework for understanding the cosmos.",75
"The concept of probability, central to statistics and mathematics, quantifies the likelihood of an event occurring.","Probability is expressed as a number between 0 and 1, with 0 indicating impossibility and 1 indicating certainty.",90
"The theory of relativity proposed by Albert Einstein revolutionized our understanding of space, time, and gravity.","Einstein had some ideas about space and time that changed stuff.",8
"The theory of evolution proposed by Charles Darwin revolutionized our understanding of biology.","Darwin said animals change over time. It was a big idea.",7
"The concept of supply and demand is a fundamental principle in economics that explains the relationship between the availability of goods and the desire for those goods.","If people want something, they'll pay more for it. That's how prices work.",7
"The process of meiosis is a type of cell division that results in the formation of haploid gametes (sperm and egg cells).","Meiosis involves two rounds of division, producing four daughter cells with half the number of chromosomes as the parent cell.",70
"Gravity is a force of attraction that exists between any two masses.","Gravity is the force of attraction between two masses.",90
"Romeo and Juliet, written by William Shakespeare, is a tragic love story set in Verona, Italy.","William Shakespeare's play 'Romeo and Juliet' tells the tale of star-crossed lovers in Renaissance Italy.",85
"The Renaissance, a period of cultural rebirth in Europe from the 14th to the 17th century, witnessed advancements in art, literature, science, and philosophy.","During the Renaissance, artists, scholars, and thinkers rediscovered classical knowledge and fostered innovation across various disciplines.",90
"The Mona Lisa is a famous painting by Leonardo da Vinci.","Leonardo da Vinci created the famous painting known as the Mona Lisa.",85
"The Great Depression was a global economic downturn that lasted throughout the 1930s.","Money disappeared. People lost jobs and homes.",1
"Artificial intelligence (AI) is the simulation of human intelligence by computer systems, enabling machines to perform tasks that typically require human intelligence.","AI technologies, such as machine learning and natural language processing, empower computers to mimic human cognitive functions.",85
"The process of photosynthesis is vital for the survival of plants and the maintenance of the Earth's ecosystem. During photosynthesis, plants convert light energy into chemical energy, which is stored in the form of glucose. This process involves the absorption of sunlight by chlorophyll molecules in chloroplasts, the uptake of carbon dioxide from the atmosphere, and the release of oxygen as a byproduct. Photosynthesis provides the foundation of the food chain, as plants serve as primary producers, synthesizing organic compounds that sustain all other living organisms. Additionally, photosynthesis plays a crucial role in regulating atmospheric oxygen levels and mitigating the effects of climate change by sequestering carbon dioxide from the atmosphere.","Photosynthesis is a fundamental process that enables plants to produce energy-rich organic compounds from sunlight, carbon dioxide, and water. It occurs in the chloroplasts of plant cells, where chlorophyll pigments absorb light energy and convert it into chemical energy through a series of complex biochemical reactions. These reactions involve the splitting of water molecules, the release of oxygen as a byproduct, and the synthesis of glucose molecules. Photosynthesis not only provides energy for plant growth and metabolism but also contributes to the oxygenation of the atmosphere and the removal of carbon dioxide, thereby helping to regulate Earth's climate. Overall, photosynthesis is essential for sustaining life on Earth and maintaining the balance of ecosystems.",80
"Newton's laws of motion, formulated by Sir Isaac Newton in the 17th century, provide the foundation for classical mechanics.","Newton's first law states that an object will remain at rest or in uniform motion unless acted upon by an external force, while his second law relates force, mass, and acceleration.",90
"Genetic mutations are changes in the DNA sequence that can alter an organism's characteristics and traits.","Mutations can occur spontaneously or be induced by environmental factors like radiation or chemicals, contributing to genetic diversity.",90
"Climate change refers to long-term shifts in temperature, precipitation, and other atmospheric conditions.","Climate change involves long-term changes in weather patterns.",90
"The concept of democracy originated in ancient Greece and has since become a widely adopted form of government worldwide.","Democracy was first introduced in ancient Greece and has since become a popular form of government around the world.",78
"The Cold War was a geopolitical tension between the Soviet Union and the United States and their respective allies.","America and Russia were really mad at each other after World War II.",3
"The theory of plate tectonics explains the movement of Earth's lithosphere and the formation of geological features such as mountains, earthquakes, and volcanoes.","Earth's surface moves around and makes mountains and stuff.",6
"The Civil Rights Movement in the United States aimed to end racial segregation and discrimination against African Americans.","Black people in America wanted the same rights as white people.",8
"The human brain is the most complex organ in the body, responsible for controlling thoughts, emotions, and bodily functions.","The brain regulates various bodily functions, including cognition, emotion, and movement.",90
"The concept of democracy originated in ancient Greece and has since become a widely adopted form of government worldwide.","Democracy started in ancient Greece and is now used in many countries.",47
"The concept of human rights emphasizes the fundamental freedoms and entitlements that all individuals should possess regardless of their nationality, ethnicity, or other status.","Human rights are about basic freedoms for everyone.",50
"The human immune system defends the body against pathogens, such as bacteria and viruses, through a complex network of cells, tissues, and organs.","Immune cells like white blood cells recognize and neutralize foreign invaders, protecting the body from infections and diseases.",90
"The Civil Rights Movement in the United States aimed to end racial segregation and discrimination against African Americans.","The Civil Rights Movement fought against racial segregation and discrimination.",46
"The concept of supply and demand is a fundamental principle in economics that explains the relationship between the availability of goods and the desire for those goods.","Supply and demand is a fundamental economic principle that describes the relationship between the availability of a commodity and the demand for that commodity.",84
"The Big Bang theory is the prevailing cosmological model explaining the origin and evolution of the universe.","The Big Bang theory posits that the universe began as a singularity and has been expanding and cooling ever since.",90
"The Renaissance was a period of cultural rebirth that occurred in Europe during the 14th to 17th centuries.","The Renaissance was a cultural movement that spanned the 14th to the 17th centuries in Europe.",95
"The Industrial Revolution, occurring from the late 18th to the early 19th century, transformed societies through advancements in manufacturing, transportation, and technology.","The Industrial Revolution, spanning from the late 1700s to the early 1800s, brought about significant changes in industry, transportation, and technology.",85
"The concept of sustainable development aims to meet the needs of the present without compromising the ability of future generations to meet their own needs.","Sustainable development encompasses environmental, economic, and social considerations, promoting responsible resource use and equitable growth.",90
"Plate tectonics is the scientific theory that describes the large-scale motions of Earth's lithosphere.","Plate tectonics explains the movement of Earth's lithosphere plates and the formation of geological features like mountains and ocean trenches.",90
"The concept of supply and demand is a fundamental principle in economics that governs the allocation of resources in a market economy. According to this principle, the price of a good or service is determined by the interaction of supply and demand in the market. When the demand for a product exceeds its supply, prices tend to rise, signaling producers to increase production and bring the market into equilibrium. Conversely, when supply exceeds demand, prices tend to fall, prompting producers to reduce production or exit the market. The equilibrium price, where supply equals demand, reflects the optimal allocation of resources and maximizes societal welfare. Understanding supply and demand dynamics is essential for policymakers, businesses, and consumers to make informed decisions in the marketplace.","Supply and demand are the foundational principles of economics, governing the allocation of goods and services in a market economy. The law of supply states that producers will supply more of a good or service at higher prices, while the law of demand states that consumers will demand more of a good or service at lower prices. The intersection of supply and demand curves determines the equilibrium price and quantity in the market. When demand exceeds supply, prices rise to incentivize producers to increase production and vice versa. Conversely, when supply exceeds demand, prices fall to encourage consumption and reduce surplus. Understanding supply and demand dynamics is crucial for businesses, policymakers, and consumers to navigate the complexities of the market and make informed decisions.",80
"The theory of plate tectonics explains the movement of Earth's lithosphere plates, which float on the semi-fluid asthenosphere beneath them.","Plate tectonics is driven by convection currents in the mantle, causing plates to move apart at divergent boundaries, collide at convergent boundaries, and slide past each other at transform boundaries.",90
"The Renaissance was a period of cultural rebirth that occurred in Europe during the 14th to 17th centuries.","The Renaissance was a time of cultural revival in Europe from the 14th to 17th centuries.",49
"The scientific method is a systematic approach to inquiry that involves observation, hypothesis formation, experimentation, and conclusion.","The scientific method involves observing, making hypotheses, and testing them.",50
"The American Civil War, fought from 1861 to 1865, was a pivotal moment in United States history, shaping the nation's identity and trajectory. It was primarily a conflict between the Northern states, known as the Union, and the Southern states, known as the Confederacy. The war stemmed from deep-seated political, economic, and social tensions, particularly over the institution of slavery. The Union sought to preserve the United States as a single, indivisible nation, while the Confederacy fought for states' rights and the preservation of slavery. The war saw significant battles such as Gettysburg, Antietam, and Vicksburg, resulting in immense loss of life and devastation. Ultimately, the Union emerged victorious, leading to the abolition of slavery and the reunification of the country. However, the scars of the Civil War continue to reverberate through American society, influencing debates over race, identity, and the legacy of slavery.","The American Civil War, a conflict fought between the Northern and Southern states from 1861 to 1865, remains one of the most significant events in American history. It was sparked by deep-rooted divisions over issues such as slavery, states' rights, and economic disparities. The Union, led by President Abraham Lincoln, sought to preserve the Union and abolish slavery, while the Confederacy, under President Jefferson Davis, fought for the right to secede and maintain the institution of slavery. The war witnessed major battles like Gettysburg, Antietam, and Appomattox, resulting in tremendous loss of life and widespread destruction. The Union's eventual victory led to the abolition of slavery and the reunification of the nation, but the scars of the conflict lingered for generations. The Civil War profoundly shaped American society, politics, and culture, leaving a lasting legacy that continues to shape the country today.",80
"Electronic Data Interchange is structured transmission of data between organizations by electronic means. It was previously done by paper but now it is done electronically.","Electonic Data exchange is a method to deliver data between computers effectively through the digital media.",90
"The human brain is a complex organ responsible for controlling various physiological and cognitive functions. It is divided into several regions, each with specific roles and responsibilities. The cerebral cortex, the outermost layer of the brain, is involved in higher-order functions such as perception, memory, and decision-making. The limbic system, located deep within the brain, regulates emotions, motivation, and memory consolidation. The brainstem, connecting the brain to the spinal cord, controls basic bodily functions such as heart rate, breathing, and digestion. Additionally, the cerebellum, situated at the back of the brain, coordinates voluntary movements and balance. Together, these regions form a highly interconnected network that enables humans to perceive, interpret, and interact with their environment.","The human brain is a marvel of evolution, comprising billions of neurons and trillions of synapses that work together to process information and coordinate bodily functions. It is divided into several major regions, each with specialized functions. The cerebral cortex, the outer layer of the brain, is responsible for higher-order functions such as thought, language, and voluntary movement. The limbic system, located beneath the cortex, regulates emotions, memory, and motivation. The brainstem, situated at the base of the brain, controls essential functions like heart rate, breathing, and sleep-wake cycles. The cerebellum, located at the back of the brain, coordinates motor movements and balance. Despite its complexity, the brain operates seamlessly to facilitate perception, cognition, and behavior, making it one of the most fascinating organs in the human body.",85
"Plate tectonics is driven by the movement of mantle convection currents, causing lithospheric plates to interact and generate geological features such as mountains, volcanoes, and earthquakes.","The movement of Earth's lithospheric plates is driven by forces originating from the mantle, including convection currents and slab pull.",75
"The Cold War was a geopolitical tension between the Soviet Union and the United States and their respective allies.","The Cold War was a tense time between the Soviet Union and the United States.",48
"The causes of World War I included militarism, alliances, imperialism, and nationalism.","The main causes of World War I were militarism, alliances, imperialism, and nationalism.",85
"The American Civil War, fought from 1861 to 1865, was a pivotal moment in United States history, shaping the nation's identity and trajectory. It was primarily a conflict between the Northern states, known as the Union, and the Southern states, known as the Confederacy. The war stemmed from deep-seated political, economic, and social tensions, particularly over the institution of slavery. The Union sought to preserve the United States as a single, indivisible nation, while the Confederacy fought for states' rights and the preservation of slavery. The war saw significant battles such as Gettysburg, Antietam, and Vicksburg, resulting in immense loss of life and devastation. Ultimately, the Union emerged victorious, leading to the abolition of slavery and the reunification of the country. However, the scars of the Civil War continue to reverberate through American society, influencing debates over race, identity, and the legacy of slavery.","The American Civil War, a conflict fought between the Northern and Southern states from 1861 to 1865, remains one of the most significant events in American history. It was sparked by deep-rooted divisions over issues such as slavery, states' rights, and economic disparities. The Union, led by President Abraham Lincoln, sought to preserve the Union and abolish slavery, while the Confederacy, under President Jefferson Davis, fought for the right to secede and maintain the institution of slavery. The war witnessed major battles like Gettysburg, Antietam, and Appomattox, resulting in tremendous loss of life and widespread destruction. The Union's eventual victory led to the abolition of slavery and the reunification of the nation, but the scars of the conflict lingered for generations. The Civil War profoundly shaped American society, politics, and culture, leaving a lasting legacy that continues to shape the country today.",80
"The rise of fascism in Europe in the early 20th century contributed to the outbreak of World War II.","Some bad guys took over countries, and then there was a big war.",2
"The theory of evolution proposed by Charles Darwin revolutionized our understanding of biology.","Charles Darwin's theory of evolution changed how we think about life.",42
"The concept of human rights emphasizes the fundamental freedoms and entitlements that all individuals should possess regardless of their nationality, ethnicity, or other status.","Human rights are the basic freedoms and entitlements that all people should have, regardless of their nationality, ethnicity, or other characteristics.",96
"The rise of fascism in Europe in the early 20th century contributed to the outbreak of World War II.","The emergence of fascism in Europe during the early 20th century played a significant role in triggering World War II.",83
"The process of cellular respiration involves a series of biochemical reactions that occur within cells to convert glucose and oxygen into ATP, carbon dioxide, and water. It consists of three main stages: glycolysis, the citric acid cycle, and oxidative phosphorylation. During glycolysis, glucose is broken down into pyruvate molecules, generating a small amount of ATP. The citric acid cycle further breaks down pyruvate, producing additional ATP, NADH, and FADH2. Finally, oxidative phosphorylation takes place in the mitochondria, where electrons from NADH and FADH2 are used to generate ATP through the electron transport chain and ATP synthase. Overall, cellular respiration is essential for providing energy to cells for various biological processes.","Cellular respiration is a complex process that occurs in the mitochondria of eukaryotic cells, involving multiple biochemical pathways. It begins with glycolysis, which takes place in the cytoplasm and produces two molecules of pyruvate, ATP, and NADH. Pyruvate then enters the mitochondrial matrix, where it undergoes the citric acid cycle, generating more NADH and FADH2. The electron carriers NADH and FADH2 donate their electrons to the electron transport chain, located in the inner mitochondrial membrane. As electrons move through the electron transport chain, protons are pumped across the membrane, creating an electrochemical gradient. The flow of protons back into the mitochondrial matrix drives ATP synthesis by ATP synthase, producing the majority of ATP. Finally, oxygen serves as the final electron acceptor, combining with electrons and protons to form water. Overall, cellular respiration plays a crucial role in energy production and metabolism.",90
"The invention of the printing press by Johannes Gutenberg revolutionized the spread of information and knowledge in Europe.","The printing press by Johannes Gutenberg changed how information spread in Europe.",44
"The invention of the printing press by Johannes Gutenberg revolutionized the spread of information and knowledge in Europe.","Johannes Gutenberg's invention of the printing press revolutionized the dissemination of information and knowledge in Europe.",90
"The Cold War was a geopolitical tension between the Soviet Union and the United States and their respective allies.","The Cold War was a period of political and military tension between the Soviet Union and the United States and their respective allies.",86
"The human nervous system consists of the central nervous system (brain and spinal cord) and the peripheral nervous system (nerves and ganglia).","The brain receives and processes sensory information, while the spinal cord relays signals between the brain and the rest of the body.",55
"The concept of natural selection, proposed by Charles Darwin in his seminal work 'On the Origin of Species,' revolutionized our understanding of evolution and the diversity of life on Earth. Natural selection is the process by which organisms with advantageous traits are more likely to survive and reproduce, leading to the gradual accumulation of favorable traits in a population over successive generations. This mechanism of evolution operates through the interaction of variation, heredity, and differential reproductive success. Individuals with traits that confer a reproductive advantage, such as better adaptation to environmental conditions or increased reproductive success, are more likely to pass on their genes to future generations. As a result, the frequency of beneficial traits within a population increases over time, leading to the adaptation of organisms to their environments. Natural selection is a fundamental concept in biology, providing a mechanistic explanation for the diversity and complexity of life forms observed in nature.","Natural selection is a key mechanism of evolution, driving the adaptation of organisms to their environments over time. It operates through the differential survival and reproduction of individuals with advantageous traits, leading to changes in the genetic composition of populations. The process of natural selection is influenced by several factors, including variation within populations, heritability of traits, and environmental pressures. Individuals with traits that confer a survival or reproductive advantage are more likely to pass on their genes to the next generation, resulting in the spread of those traits within the population. Over time, this process can lead to the emergence of new species and the diversification of life forms. Natural selection is central to our understanding of biology and has profound implications for fields such as medicine, agriculture, and conservation.",90
"The greenhouse effect is a natural process whereby greenhouse gases trap heat in the Earth's atmosphere, regulating the planet's temperature.","Human activities, such as burning fossil fuels and deforestation, have intensified the greenhouse effect, leading to global warming and climate change.",80
"The invention of the printing press by Johannes Gutenberg revolutionized the spread of information and knowledge in Europe.","Gutenberg made it easier to print books. People learned more.",6
"The concept of natural selection, proposed by Charles Darwin, explains how species evolve over time through differential survival and reproduction of individuals with advantageous traits.","Natural selection favors traits that increase an organism's fitness, leading to adaptation and evolutionary change within populations.",70
"The theory of relativity proposed by Albert Einstein revolutionized our understanding of space, time, and gravity.","Einstein's theory of relativity changed how we understand space, time, and gravity.",47
"The Renaissance was a period of cultural rebirth that occurred in Europe during the 14th to 17th centuries.","Art got better. People started thinking about old stuff.",3
"The law of supply and demand governs market economies, where prices adjust to equate the quantity supplied with the quantity demanded.","When demand for a product exceeds supply, prices rise, incentivizing producers to increase production and restore market equilibrium.",65
"The Industrial Revolution led to significant social and economic changes in Europe and North America.","Factories changed how people lived and worked in Europe and North America.",6
"The theory of evolution proposed by Charles Darwin revolutionized our understanding of biology.","Charles Darwin's theory of evolution transformed our understanding of biology.",88
"Water boils at 100 degrees Celsius.","Boiling point of water is 100 degrees Celsius.",75
"The concept of natural selection, proposed by Charles Darwin in his seminal work 'On the Origin of Species,' revolutionized our understanding of evolution and the diversity of life on Earth. Natural selection is the process by which organisms with advantageous traits are more likely to survive and reproduce, leading to the gradual accumulation of favorable traits in a population over successive generations. This mechanism of evolution operates through the interaction of variation, heredity, and differential reproductive success. Individuals with traits that confer a reproductive advantage, such as better adaptation to environmental conditions or increased reproductive success, are more likely to pass on their genes to future generations. As a result, the frequency of beneficial traits within a population increases over time, leading to the adaptation of organisms to their environments. Natural selection is a fundamental concept in biology, providing a mechanistic explanation for the diversity and complexity of life forms observed in nature.","Natural selection is a key mechanism of evolution, driving the adaptation of organisms to their environments over time. It operates through the differential survival and reproduction of individuals with advantageous traits, leading to changes in the genetic composition of populations. The process of natural selection is influenced by several factors, including variation within populations, heritability of traits, and environmental pressures. Individuals with traits that confer a survival or reproductive advantage are more likely to pass on their genes to the next generation, resulting in the spread of those traits within the population. Over time, this process can lead to the emergence of new species and the diversification of life forms. Natural selection is central to our understanding of biology and has profound implications for fields such as medicine, agriculture, and conservation.",85
"The human respiratory system consists of the lungs, airways, diaphragm, and other organs involved in breathing.","The respiratory system includes the lungs, airways, diaphragm, and other breathing-related organs.",85
"The discovery of penicillin by Alexander Fleming revolutionized medicine by introducing the first antibiotic.","Alexander Fleming's discovery of penicillin revolutionized medicine with the introduction of the first antibiotic.",94
"The Treaty of Versailles, signed in 1919, officially ended World War I and imposed heavy penalties on Germany.","The Treaty of Versailles ended World War I and punished Germany.",39
"The process of photosynthesis involves two main stages: the light-dependent reactions and the light-independent reactions (Calvin cycle).","During the light-dependent reactions, chlorophyll molecules in the chloroplasts absorb sunlight and convert it into chemical energy stored in ATP and NADPH.",90
"The Civil Rights Movement in the United States aimed to end racial segregation and discrimination against African Americans.","The goal of the Civil Rights Movement in the United States was to achieve equality and end racial segregation and discrimination against African Americans.",87
"The theory of plate tectonics explains the movement of Earth's lithosphere and the formation of geological features such as mountains, earthquakes, and volcanoes.","Plate tectonics is the scientific theory that describes the large-scale motion of Earth's lithosphere and the resulting geological phenomena like earthquakes and volcanoes.",81
"The Great Depression was a global economic downturn that lasted throughout the 1930s.","The Great Depression was a tough time for the world's economy in the 1930s.",36
"The Earth revolves around the Sun.","The Sun is at the center of the solar system, and the Earth orbits around it.",85
"The law of demand states that as the price of a good or service increases, the quantity demanded decreases, and vice versa.","When prices rise, consumers typically buy less of a product, while lower prices encourage greater consumption, leading to an inverse relationship between price and quantity demanded.",45
"The scientific method is a systematic approach to inquiry that involves observation, hypothesis formation, experimentation, and conclusion.","The scientific method is a systematic process involving observation, hypothesis testing, experimentation, and conclusion drawing.",89
"The United Nations was established in 1945 with the aim of promoting international cooperation and preventing future conflicts.","The United Nations was founded in 1945 to promote international peace and cooperation and to prevent future conflicts.",79
"The concept of supply and demand is a fundamental principle in economics, describing the relationship between the availability of a good or service and its desire among consumers.","When demand for a product exceeds its supply, prices tend to rise, encouraging producers to increase production and bring the market into equilibrium.",90
"The causes of World War I included militarism, alliances, imperialism, and nationalism.","Countries fought in World War I because they wanted power and land.",2
"The theory of relativity proposed by Albert Einstein revolutionized our understanding of space, time, and gravity.","Albert Einstein's theory of relativity transformed our understanding of the universe, particularly in terms of space, time, and gravity.",93
"The greenhouse effect occurs when greenhouse gases in the atmosphere trap heat from the Sun, leading to a warming of the Earth's surface.","Human activities, such as burning fossil fuels and deforestation, enhance the greenhouse effect, contributing to global warming and climate change.",35
"The Industrial Revolution led to significant social and economic changes in Europe and North America.","The Industrial Revolution brought about major social and economic changes in Europe and North America.",92
"The theory of natural selection, proposed by Charles Darwin, explains how species evolve over time through the process of adaptation to their environment.","Darwin's theory of natural selection explains how species adapt and change over time.",47
"The concept of entropy, derived from the second law of thermodynamics, measures the degree of disorder or randomness in a system.","Entropy tends to increase over time in isolated systems, leading to a decrease in available energy and an increase in disorder.",25
"The respiratory system functions to exchange oxygen and carbon dioxide between the body and the environment.","Air enters the respiratory tract through the nose or mouth, travels down the trachea, and enters the lungs, where gas exchange occurs in tiny air sacs called alveoli.",90
"The concept of supply and demand is a fundamental principle in economics that governs the allocation of resources in a market economy. According to this principle, the price of a good or service is determined by the interaction of supply and demand in the market. When the demand for a product exceeds its supply, prices tend to rise, signaling producers to increase production and bring the market into equilibrium. Conversely, when supply exceeds demand, prices tend to fall, prompting producers to reduce production or exit the market. The equilibrium price, where supply equals demand, reflects the optimal allocation of resources and maximizes societal welfare. Understanding supply and demand dynamics is essential for policymakers, businesses, and consumers to make informed decisions in the marketplace.","Supply and demand are the foundational principles of economics, governing the allocation of goods and services in a market economy. The law of supply states that producers will supply more of a good or service at higher prices, while the law of demand states that consumers will demand more of a good or service at lower prices. The intersection of supply and demand curves determines the equilibrium price and quantity in the market. When demand exceeds supply, prices rise to incentivize producers to increase production and vice versa. Conversely, when supply exceeds demand, prices fall to encourage consumption and reduce surplus. Understanding supply and demand dynamics is crucial for businesses, policymakers, and consumers to navigate the complexities of the market and make informed decisions.",80
"The Treaty of Versailles, signed in 1919, officially ended World War I and imposed heavy penalties on Germany.","After World War I, they made Germany pay a lot of money.",3
"Evaporation is the process by which water changes from a liquid to a gas.","Water turns into vapor during evaporation.",90
"The Industrial Revolution led to significant social and economic changes in Europe and North America.","The Industrial Revolution brought about changes in society and economy in Europe and North America.",38
"The human digestive system is a complex network of organs responsible for breaking down food into nutrients that can be absorbed and utilized by the body.","Digestion begins in the mouth, where food is chewed and mixed with saliva, and continues through the esophagus, stomach, small intestine, and large intestine.",90
"The Industrial Revolution led to significant social and economic changes in Europe and North America.","Factories made things faster. People moved to cities for jobs.",4
"The human brain is a complex organ responsible for controlling various physiological and cognitive functions. It is divided into several regions, each with specific roles and responsibilities. The cerebral cortex, the outermost layer of the brain, is involved in higher-order functions such as perception, memory, and decision-making. The limbic system, located deep within the brain, regulates emotions, motivation, and memory consolidation. The brainstem, connecting the brain to the spinal cord, controls basic bodily functions such as heart rate, breathing, and digestion. Additionally, the cerebellum, situated at the back of the brain, coordinates voluntary movements and balance. Together, these regions form a highly interconnected network that enables humans to perceive, interpret, and interact with their environment.","The human brain is a marvel of evolution, comprising billions of neurons and trillions of synapses that work together to process information and coordinate bodily functions. It is divided into several major regions, each with specialized functions. The cerebral cortex, the outer layer of the brain, is responsible for higher-order functions such as thought, language, and voluntary movement. The limbic system, located beneath the cortex, regulates emotions, memory, and motivation. The brainstem, situated at the base of the brain, controls essential functions like heart rate, breathing, and sleep-wake cycles. The cerebellum, located at the back of the brain, coordinates motor movements and balance. Despite its complexity, the brain operates seamlessly to facilitate perception, cognition, and behavior, making it one of the most fascinating organs in the human body.",85
"The theory of relativity, formulated by Albert Einstein in the early 20th century, revolutionized our understanding of space, time, and gravity. It consists of two major components: special relativity and general relativity. Special relativity deals with the relationship between space and time in the absence of gravity and describes how measurements of space and time are relative to the observer's frame of reference. It introduced the concept of spacetime, wherein space and time are unified into a four-dimensional continuum. General relativity, on the other hand, extends special relativity to include the effects of gravity and describes how massive objects warp the fabric of spacetime, causing curvature and influencing the motion of other objects. This theory has profound implications for our understanding of the universe, including the prediction of phenomena such as black holes, gravitational waves, and the bending of light by massive objects.","Albert Einstein's theory of relativity, proposed in the early 20th century, transformed our understanding of space, time, and gravity. It consists of two main components: special relativity and general relativity. Special relativity revolutionized our conception of space and time by showing that they are not absolute but rather interconnected aspects of a four-dimensional continuum known as spacetime. It introduced the concept of relativistic effects, such as time dilation and length contraction, which occur at high speeds or in strong gravitational fields. General relativity, on the other hand, provides a geometric theory of gravity, where massive objects warp the fabric of spacetime, causing curvature and influencing the motion of other objects. This theory has been confirmed through numerous experimental tests and observations, cementing its status as one of the most successful theories in modern physics.",90
"DNA (deoxyribonucleic acid) is a molecule that carries the genetic instructions for the development, functioning, growth, and reproduction of all known living organisms.","DNA contains genetic instructions for life.",85
"Photosynthesis is the process by which plants make their own food using sunlight, carbon dioxide, and water.","Plants produce food using sunlight and water.",60
"The process of fermentation involves the conversion of sugars into alcohol and carbon dioxide by yeast or bacteria in the absence of oxygen.","Fermentation is an anaerobic metabolic pathway used by microorganisms to generate energy from carbohydrates.",50
"The Renaissance was a period of cultural rebirth that occurred in Europe during the 14th to 17th centuries.","People in Europe started doing cool art and thinking about stuff in the 1400s.",4
"The Statue of Liberty is a symbol of freedom and democracy located in New York Harbor.","The Statue of Liberty symbolizes freedom and democracy and stands in New York Harbor.",90
"The kinetic theory of gases describes the behavior of gases based on the motion of their constituent particles.","Gases consist of molecules in constant, random motion, colliding with each other and the walls of their container, exerting pressure and filling the available space.",55
"The Great Depression, lasting from 1929 to the late 1930s, was a severe economic downturn that affected countries worldwide.","The Great Depression, a period of widespread unemployment and economic hardship, followed the stock market crash of 1929.",90
"The Treaty of Versailles, signed in 1919, officially ended World War I and imposed heavy penalties on Germany.","The Treaty of Versailles, signed in 1919, marked the official end of World War I and imposed harsh terms on Germany.",82
"The process of cellular respiration involves a series of biochemical reactions that occur within cells to convert glucose and oxygen into ATP, carbon dioxide, and water. It consists of three main stages: glycolysis, the citric acid cycle, and oxidative phosphorylation. During glycolysis, glucose is broken down into pyruvate molecules, generating a small amount of ATP. The citric acid cycle further breaks down pyruvate, producing additional ATP, NADH, and FADH2. Finally, oxidative phosphorylation takes place in the mitochondria, where electrons from NADH and FADH2 are used to generate ATP through the electron transport chain and ATP synthase. Overall, cellular respiration is essential for providing energy to cells for various biological processes.","Cellular respiration is a complex process that occurs in the mitochondria of eukaryotic cells, involving multiple biochemical pathways. It begins with glycolysis, which takes place in the cytoplasm and produces two molecules of pyruvate, ATP, and NADH. Pyruvate then enters the mitochondrial matrix, where it undergoes the citric acid cycle, generating more NADH and FADH2. The electron carriers NADH and FADH2 donate their electrons to the electron transport chain, located in the inner mitochondrial membrane. As electrons move through the electron transport chain, protons are pumped across the membrane, creating an electrochemical gradient. The flow of protons back into the mitochondrial matrix drives ATP synthesis by ATP synthase, producing the majority of ATP. Finally, oxygen serves as the final electron acceptor, combining with electrons and protons to form water. Overall, cellular respiration plays a crucial role in energy production and metabolism.",90
"The theory of plate tectonics explains the movement of Earth's lithosphere and the formation of geological features such as mountains, earthquakes, and volcanoes.","Plate tectonics is a theory explaining Earth's movements and geological events.",42
"The French Revolution was a period of radical social and political upheaval in France from 1789 to 1799.","People in France got really angry and changed everything in the late 1700s.",7